OLD,NEW
1-й батальон 22-го королевского полка,"1st Battalion, Royal 22e Régiment"
1-й батальон Вавилонского Легиона,"1st Battalion, Legion of Babylon"
1-й батальон королевского австралийского полка,"1st Battalion, Royal Australian Regiment"
1-й кавалерийский полк,1st Cavalry Regiment
1-й танковый батальон 1-й бригады морской пехоты,"1st Tank Battalion, 1st Marines"
1-я боевая группа Йоркс,1 Yorks Battle Group
1-я бригада 10-й горнопехотной дивизии,"1st Brigade Combat Team, 10th Mountain Division"
1-я бригада 82-й воздушно-десантной дивизии,"1st Brigade Combat Team, 82nd Airborne Division"
1-я канадская механизированная бригада группа,1 Canadian Mechanized Brigade Group
104-й танковый батальон,104th Tank Battalion
108-й гвардейский десантно-штурмовой полк,108th Guards Air Assault Regiment
112-я средняя общевойсковая бригада,112th Medium Combined Arms Brigade
118-я общевойсковая бригада,118th Combined Arms Brigade
1398-й отдельный разведывательный батальон,1398th Separate Reconnaissance Battalion
14-я десантная общевойсковая бригада,14th Amphibious Combined Arms Brigade
161-я десантно-штурмовая бригада,161st Air Assault Brigade
195-я тяжелая общевойсковая бригада,195th Heavy Combined Arms Brigade
2-й батальон парашютно-десантного полка,"2nd Battalion, Parachute Regiment"
2-я кавалерийская бригада на боевых машинах Stryker,2nd Cavalry Stryker Brigade
2-я морская логистическая группа,2nd Marine Logistics Group
205-я отдельная мотострелковая бриграда,205th Separate Motor Rifle Brigade
"3-й батальон, Королевский австралийский полк","3rd Battalion, Royal Australian Regiment"
"3-й батальон, Королевский канадский полк","3rd Battalion, Royal Canadian Regiment"
3-й легкобронированный разведывательный батальон,3rd Light Armored Recon Battalion
3-я бригада,1st Tank Brigade
"3-я бригада боевая группа, 1-я пехотная дивизия","3rd Brigade Combat Team, 1st Infantry Division"
3-я дивизия,3rd Division Battle Group
3-я механизированная пехотная бригада имени короля Кадеша,3rd King Qadesh Mechanized Infantry Brigade
3-я мотострелковая бриграда,3rd Motor Rifle Brigade
31-й экспедиционный батальон морской пехоты,31st Marine Expeditionary Unit
"37-й танковый полк, 1-й дивизия бронетанковой техники","37th Armored Regiment, 1st Armored Division"
4-я бронетанковая бригада боевая группа,4th Armored Brigade Battle Group
49-я общевойсковая армия,49th Combined Arms Army
497-й батальон боевого обеспечения,497th Combat Sustainment Support Battalion
5-я бригада морской пехоты,5th Marine Brigade
51-я моторизованная пехотная бриграда боевая группа,51st Motorized Infantry Brigade Battle Group
6-я канадская бригада боевого обеспечения,6 Canadian Combat Support Brigade
6-я отдельная танковая бригада,6th Separate Tank Brigade
60-я бронетанковая бригада имени принца Ассура,60th Prince Assur Armored Brigade
66-я механизированная пехотная бригада,66th Mechanized Infantry Brigade
7-я гвардейская горно-штурмовая дивизия,7th Guards Mountain Air Assault Division
78-я отдельная бриграда материально-технического обеспечения,78th Detached Logistics Brigade
9-й тяжелый общевойский батальон,9th Heavy Combined Arms Battalion
Боевая группа 1-го полка морской пехоты,1st Marines Regimental Combat Team
Боевая группа 1-ой Армии,1st Army Battle Group
Боевая группа Королевского корпуса материально-технического обеспечения,Royal Logistics Corps Battle Group
Боевая группа командования материально-технического обеспечения сухопутных войск,Land Forces Logistics Command Battle Group
Бронетанковый эскадрон ополчения,Armored Special Operations Forces
"Воздушное крыло ""Муркуотер""",Murk Water Air Wing
Группа огневой поддержки ополчения,Irregular Fire Support Group
Ее величества королевские гусары,Queen's Royal Hussars
Конный полк лорда Стратконы,Lord Strathcona's Horse Regiment
Легка пехота нерегулярного ополчения,Irregular Light Infantry
Механизированный взвод ополчения,Irregular Mechanized Platoon
Мотострелковый взвод ополчения,Irregular Motorized Platoon
Нерегулярная боевая группа,Irregular Battle Group
Патрульная группа Overwatch 6,Overwatch 6 Patrol Group
Тактическая группа безопасности Мантикора,Manticore Security Task Force
Сухопутные войска Турции,Turkish Land Forces
Сухопутные войска РФ,Russian Ground Forces
Силы обороны Австралии,Australian Defence Force
Нерегулярное ополчение,Irregular Militia Forces
НОАК,People's Liberation Army
Корпус морской пехоты США,United States Marine Corps
Канадские вооруженные силы,Canadian Armed Forces
Западная частная военная компания,Western Private Military Contractors
ВДВ РФ,Russian Airborne Forces
Британские вооруженные силы,British Armed Forces
Ближневосточный Альянс,Middle Eastern Alliance
Армия США,United States Army
Амфибийно-сухопутные войска НОАК,PLA Amphibious Ground Forces
